0;Level1st;300;Level1st;19;Level2nd;81;
1;Level1st;320;Level1st;10;Level2nd;30;
2;Level2nd;340;Level1st;10;Level2nd;52;
3;Level1st;360;Level1st;26;Level2nd;59;
4;Level1st;364;Level1st;49;Level2nd;57;
5;Level2nd;369;Level1st;38;Level2nd;0;
6;Level1st;373;Level1st;34;Level2nd;6;
7;Level2nd;378;Level1st;44;Level2nd;10;
8;Level1st;383;Level1st;21;Level2nd;44;
9;Level2nd;387;Level1st;22;Level2nd;93;
10;Level1st;392;Level1st;0;Level2nd;2;
11;Level1st;396;Level1st;18;Level2nd;74;
12;Level2nd;401;Level1st;1;Level2nd;13;
13;Level1st;406;Level1st;25;Level2nd;8;
14;Level1st;410;Level1st;12;Level2nd;25;
15;Level1st;415;Level1st;23;Level2nd;62;
16;Level1st;420;Level1st;31;Level2nd;43;
17;Level1st;424;Level1st;8;Level2nd;65;
18;Level2nd;428;Level1st;22;Level2nd;68;
19;Level2nd;432;Level1st;18;Level2nd;90;
20;Level1st;436;Level1st;5;Level2nd;54;
21;Level1st;440;Level1st;13;Level2nd;115;
22;Level1st;444;Level1st;40;Level2nd;12;
23;Level1st;448;Level1st;4;Level2nd;69;
24;Level1st;452;Level1st;1;Level2nd;87;
25;Level1st;456;Level1st;40;Level2nd;44;
26;Level2nd;460;Level1st;10;Level2nd;132;
27;Level1st;464;Level1st;41;Level2nd;141;
28;Level1st;468;Level1st;8;Level2nd;36;
29;Level1st;472;Level1st;18;Level2nd;86;
30;Level1st;476;Level1st;3;Level2nd;119;
31;Level1st;480;Level1st;26;Level2nd;112;
32;Level1st;484;Level1st;0;Level2nd;96;
33;Level1st;488;Level1st;2;Level2nd;20;
34;Level2nd;492;Level1st;34;Level2nd;48;
35;Level1st;496;Level1st;16;Level2nd;51;
36;Level2nd;500;Level1st;6;Level2nd;27;
37;Level1st;504;Level1st;3;Level2nd;42;
38;Level1st;508;Level1st;39;Level2nd;8;
39;Level2nd;512;Level1st;3;Level2nd;55;
40;Level1st;516;Level1st;1;Level2nd;72;
41;Level1st;520;Level1st;7;Level2nd;122;
42;Level1st;524;Level1st;15;Level2nd;18;
43;Level1st;528;Level1st;12;Level2nd;64;
44;Level1st;532;Level1st;1;Level2nd;26;
45;Level1st;536;Level1st;19;Level2nd;25;
46;Level2nd;540;Level1st;4;Level2nd;21;
47;Level2nd;544;Level1st;1;Level2nd;97;
48;Level1st;548;Level1st;19;Level2nd;18;
49;Level1st;552;Level1st;6;Level2nd;40;
50;Level1st;556;Level1st;19;Level2nd;124;
51;Level1st;560;Level1st;28;Level2nd;128;
52;Level2nd;564;Level1st;5;Level2nd;141;
53;Level2nd;568;Level1st;10;Level2nd;67;
54;Level1st;572;Level1st;44;Level2nd;72;
55;Level1st;576;Level1st;29;Level2nd;60;
56;Level2nd;580;Level1st;27;Level2nd;66;
57;Level2nd;584;Level1st;38;Level2nd;53;
58;Level2nd;588;Level1st;21;Level2nd;13;
59;Level1st;592;Level1st;37;Level2nd;18;
60;Level1st;596;Level1st;16;Level2nd;69;
61;Level1st;600;Level1st;6;Level2nd;3;
62;Level2nd;603;Level1st;21;Level2nd;67;
63;Level1st;607;Level1st;12;Level2nd;128;
64;Level1st;610;Level1st;41;Level2nd;41;
65;Level2nd;614;Level1st;27;Level2nd;73;
66;Level1st;617;Level1st;52;Level2nd;19;
67;Level2nd;621;Level1st;13;Level2nd;69;
68;Level1st;624;Level1st;4;Level2nd;69;
69;Level1st;628;Level1st;28;Level2nd;48;
70;Level1st;631;Level1st;13;Level2nd;7;
71;Level1st;635;Level1st;31;Level2nd;62;
72;Level1st;638;Level1st;11;Level2nd;96;
73;Level2nd;642;Level1st;31;Level2nd;102;
74;Level1st;645;Level1st;18;Level2nd;31;
75;Level2nd;649;Level1st;20;Level2nd;6;
76;Level1st;652;Level1st;45;Level2nd;59;
77;Level1st;656;Level1st;27;Level2nd;195;
78;Level1st;660;Level1st;0;Level2nd;0;
79;Level1st;664;Level1st;28;Level2nd;50;
80;Level2nd;668;Level1st;21;Level2nd;21;
81;Level1st;672;Level1st;28;Level2nd;6;
82;Level1st;676;Level1st;10;Level2nd;42;
83;Level2nd;680;Level1st;10;Level2nd;70;
84;Level2nd;684;Level1st;8;Level2nd;43;
85;Level1st;688;Level1st;13;Level2nd;57;
86;Level2nd;692;Level1st;10;Level2nd;19;
87;Level1st;696;Level1st;15;Level2nd;27;
88;Level1st;700;Level1st;28;Level2nd;80;
89;Level1st;704;Level1st;30;Level2nd;52;
90;Level1st;708;Level1st;20;Level2nd;124;
91;Level1st;712;Level1st;44;Level2nd;51;
92;Level1st;716;Level1st;31;Level2nd;80;
93;Level1st;720;Level1st;0;Level2nd;1;
94;Level1st;724;Level1st;0;Level2nd;4;
95;Level1st;728;Level1st;37;Level2nd;93;
96;Level1st;732;Level1st;5;Level2nd;47;
97;Level2nd;736;Level1st;28;Level2nd;118;
98;Level2nd;740;Level1st;22;Level2nd;45;
99;Level2nd;744;Level1st;2;Level2nd;21;
100;Level1st;748;Level1st;30;Level2nd;57;
101;Level2nd;752;Level1st;23;Level2nd;111;
102;Level2nd;756;Level1st;4;Level2nd;89;
103;Level1st;760;Level1st;27;Level2nd;74;
104;Level2nd;764;Level1st;24;Level2nd;12;
105;Level1st;768;Level1st;49;Level2nd;4;
106;Level2nd;772;Level1st;1;Level2nd;41;
107;Level2nd;776;Level1st;25;Level2nd;56;
108;Level2nd;780;Level1st;14;Level2nd;33;
109;Level1st;784;Level1st;16;Level2nd;74;
110;Level1st;788;Level1st;11;Level2nd;55;
111;Level1st;792;Level1st;17;Level2nd;128;
112;Level1st;796;Level1st;21;Level2nd;66;
113;Level1st;800;Level1st;9;Level2nd;70;
114;Level2nd;804;Level1st;39;Level2nd;36;
115;Level2nd;808;Level1st;15;Level2nd;102;
116;Level1st;812;Level1st;16;Level2nd;128;
117;Level2nd;816;Level1st;18;Level2nd;51;
118;Level1st;820;Level1st;13;Level2nd;44;
119;Level1st;824;Level1st;4;Level2nd;46;
120;Level1st;828;Level1st;29;Level2nd;98;
121;Level1st;832;Level1st;23;Level2nd;1;
122;Level1st;836;Level1st;11;Level2nd;44;
123;Level1st;840;Level1st;34;Level2nd;42;
124;Level1st;844;Level1st;1;Level2nd;136;
125;Level1st;848;Level1st;7;Level2nd;57;
126;Level2nd;852;Level1st;7;Level2nd;95;
127;Level1st;856;Level1st;5;Level2nd;159;
128;Level2nd;860;Level1st;10;Level2nd;0;
129;Level1st;864;Level1st;1;Level2nd;101;
130;Level1st;868;Level1st;13;Level2nd;9;
131;Level1st;872;Level1st;10;Level2nd;117;
132;Level1st;876;Level1st;24;Level2nd;93;
133;Level1st;880;Level1st;8;Level2nd;33;
134;Level1st;884;Level1st;13;Level2nd;11;
135;Level1st;888;Level1st;11;Level2nd;24;
136;Level1st;892;Level1st;7;Level2nd;0;
137;Level1st;896;Level1st;19;Level2nd;16;
138;Level1st;900;Level1st;21;Level2nd;23;
139;Level1st;904;Level1st;2;Level2nd;28;
140;Level2nd;909;Level1st;36;Level2nd;12;
141;Level1st;913;Level1st;13;Level2nd;8;
142;Level1st;918;Level1st;4;Level2nd;96;
143;Level1st;923;Level1st;6;Level2nd;72;
144;Level2nd;927;Level1st;1;Level2nd;7;
145;Level1st;932;Level1st;0;Level2nd;15;
146;Level1st;936;Level1st;6;Level2nd;185;
147;Level1st;941;Level1st;20;Level2nd;79;
148;Level2nd;946;Level1st;3;Level2nd;64;
149;Level2nd;950;Level1st;5;Level2nd;10;
150;Level1st;955;Level1st;12;Level2nd;116;
151;Level1st;960;Level1st;1;Level2nd;54;
152;Level2nd;963;Level1st;26;Level2nd;109;
153;Level2nd;967;Level1st;19;Level2nd;66;
154;Level2nd;970;Level1st;4;Level2nd;32;
155;Level2nd;974;Level1st;13;Level2nd;79;
156;Level2nd;977;Level1st;34;Level2nd;23;
157;Level1st;981;Level1st;0;Level2nd;77;
158;Level1st;984;Level1st;13;Level2nd;107;
159;Level1st;988;Level1st;50;Level2nd;66;
160;Level2nd;991;Level1st;23;Level2nd;50;
161;Level1st;995;Level1st;13;Level2nd;4;
162;Level2nd;998;Level1st;8;Level2nd;137;
163;Level1st;1002;Level1st;17;Level2nd;29;
164;Level1st;1005;Level1st;41;Level2nd;41;
165;Level1st;1009;Level1st;11;Level2nd;37;
166;Level1st;1012;Level1st;15;Level2nd;40;
167;Level2nd;1016;Level1st;17;Level2nd;98;
168;Level1st;1020;Level1st;0;Level2nd;1;
169;Level2nd;1024;Level1st;33;Level2nd;56;
170;Level1st;1029;Level1st;9;Level2nd;53;
171;Level1st;1033;Level1st;13;Level2nd;22;
172;Level1st;1038;Level1st;4;Level2nd;82;
173;Level1st;1043;Level1st;7;Level2nd;64;
174;Level1st;1047;Level1st;40;Level2nd;79;
175;Level1st;1052;Level1st;20;Level2nd;27;
176;Level1st;1056;Level1st;32;Level2nd;140;
177;Level2nd;1061;Level1st;40;Level2nd;143;
178;Level2nd;1066;Level1st;30;Level2nd;107;
179;Level2nd;1070;Level1st;6;Level2nd;33;
180;Level1st;1075;Level1st;7;Level2nd;115;
181;Level1st;1080;Level1st;8;Level2nd;29;
182;Level1st;1140;Level1st;8;Level2nd;33;
183;Level1st;1740;Level1st;20;Level2nd;86;
184;Level1st;1760;Level1st;44;Level2nd;17;
185;Level1st;1780;Level1st;44;Level2nd;8;
186;Level2nd;1800;Level1st;0;Level2nd;37;
187;Level2nd;1804;Level1st;8;Level2nd;89;
188;Level1st;1808;Level1st;20;Level2nd;69;
189;Level2nd;1812;Level1st;20;Level2nd;60;
190;Level1st;1817;Level1st;20;Level2nd;79;
191;Level1st;1821;Level1st;22;Level2nd;19;
192;Level2nd;1825;Level1st;5;Level2nd;70;
193;Level1st;1830;Level1st;12;Level2nd;98;
194;Level2nd;1834;Level1st;25;Level2nd;19;
195;Level1st;1838;Level1st;11;Level2nd;132;
196;Level2nd;1842;Level1st;20;Level2nd;6;
197;Level1st;1847;Level1st;13;Level2nd;5;
198;Level2nd;1851;Level1st;12;Level2nd;91;
199;Level2nd;1855;Level1st;21;Level2nd;22;
200;Level1st;1860;Level1st;13;Level2nd;91;
201;Level2nd;1864;Level1st;24;Level2nd;32;
202;Level2nd;1868;Level1st;36;Level2nd;111;
203;Level2nd;1872;Level1st;2;Level2nd;30;
204;Level2nd;1876;Level1st;16;Level2nd;38;
205;Level1st;1880;Level1st;8;Level2nd;29;
206;Level2nd;1884;Level1st;51;Level2nd;119;
207;Level1st;1888;Level1st;32;Level2nd;3;
208;Level2nd;1892;Level1st;9;Level2nd;97;
209;Level1st;1896;Level1st;32;Level2nd;11;
210;Level2nd;1900;Level1st;13;Level2nd;50;
211;Level1st;1904;Level1st;18;Level2nd;36;
212;Level1st;1908;Level1st;11;Level2nd;30;
213;Level1st;1912;Level1st;20;Level2nd;16;
214;Level1st;1916;Level1st;9;Level2nd;63;
215;Level1st;1920;Level1st;20;Level2nd;41;
216;Level1st;1924;Level1st;24;Level2nd;35;
217;Level1st;1928;Level1st;15;Level2nd;30;
218;Level1st;1932;Level1st;20;Level2nd;1;
219;Level1st;1936;Level1st;17;Level2nd;127;
220;Level2nd;1940;Level1st;4;Level2nd;81;
221;Level2nd;1944;Level1st;22;Level2nd;3;
222;Level1st;1948;Level1st;32;Level2nd;149;
223;Level1st;1952;Level1st;15;Level2nd;14;
224;Level1st;1956;Level1st;22;Level2nd;25;
225;Level1st;1960;Level1st;30;Level2nd;0;
226;Level1st;1964;Level1st;34;Level2nd;35;
227;Level2nd;1968;Level1st;23;Level2nd;1;
228;Level1st;1972;Level1st;15;Level2nd;19;
229;Level1st;1976;Level1st;17;Level2nd;51;
230;Level1st;1980;Level1st;18;Level2nd;89;
231;Level1st;1984;Level1st;69;Level2nd;37;
232;Level1st;1988;Level1st;10;Level2nd;44;
233;Level1st;1992;Level1st;2;Level2nd;47;
234;Level1st;1996;Level1st;22;Level2nd;34;
235;Level1st;2000;Level1st;11;Level2nd;2;
236;Level1st;2004;Level1st;40;Level2nd;40;
237;Level1st;2008;Level1st;43;Level2nd;89;
238;Level1st;2012;Level1st;0;Level2nd;57;
239;Level1st;2016;Level1st;18;Level2nd;46;
240;Level2nd;2020;Level1st;17;Level2nd;49;
241;Level1st;2024;Level1st;15;Level2nd;37;
242;Level1st;2028;Level1st;23;Level2nd;72;
243;Level1st;2032;Level1st;15;Level2nd;7;
244;Level1st;2036;Level1st;27;Level2nd;46;
245;Level1st;2040;Level1st;27;Level2nd;104;
246;Level2nd;2043;Level1st;4;Level2nd;79;
247;Level2nd;2047;Level1st;22;Level2nd;5;
248;Level2nd;2050;Level1st;26;Level2nd;32;
249;Level1st;2054;Level1st;19;Level2nd;31;
250;Level1st;2057;Level1st;10;Level2nd;98;
251;Level2nd;2061;Level1st;23;Level2nd;12;
252;Level1st;2064;Level1st;11;Level2nd;46;
253;Level1st;2068;Level1st;12;Level2nd;31;
254;Level1st;2071;Level1st;38;Level2nd;6;
255;Level1st;2075;Level1st;15;Level2nd;61;
256;Level1st;2078;Level1st;6;Level2nd;72;
257;Level1st;2082;Level1st;28;Level2nd;59;
258;Level1st;2085;Level1st;13;Level2nd;66;
259;Level1st;2089;Level1st;7;Level2nd;58;
260;Level1st;2092;Level1st;3;Level2nd;68;
261;Level1st;2096;Level1st;44;Level2nd;26;
262;Level1st;2100;Level1st;28;Level2nd;71;
263;Level1st;2104;Level1st;6;Level2nd;104;
264;Level2nd;2108;Level1st;3;Level2nd;47;
265;Level1st;2112;Level1st;63;Level2nd;40;
266;Level2nd;2116;Level1st;1;Level2nd;75;
267;Level1st;2120;Level1st;3;Level2nd;86;
268;Level1st;2124;Level1st;2;Level2nd;44;
269;Level1st;2128;Level1st;8;Level2nd;41;
270;Level2nd;2132;Level1st;15;Level2nd;127;
271;Level1st;2136;Level1st;15;Level2nd;61;
272;Level1st;2140;Level1st;0;Level2nd;61;
273;Level1st;2144;Level1st;18;Level2nd;54;
274;Level1st;2148;Level1st;3;Level2nd;100;
275;Level1st;2152;Level1st;57;Level2nd;62;
276;Level1st;2156;Level1st;49;Level2nd;107;
277;Level1st;2160;Level1st;40;Level2nd;113;
278;Level1st;2164;Level1st;6;Level2nd;17;
279;Level1st;2168;Level1st;11;Level2nd;12;
280;Level1st;2172;Level1st;18;Level2nd;116;
281;Level1st;2176;Level1st;2;Level2nd;23;
282;Level2nd;2180;Level1st;25;Level2nd;64;
283;Level1st;2184;Level1st;33;Level2nd;82;
284;Level1st;2188;Level1st;11;Level2nd;24;
285;Level1st;2192;Level1st;0;Level2nd;78;
286;Level2nd;2196;Level1st;7;Level2nd;175;
287;Level1st;2200;Level1st;0;Level2nd;0;
288;Level2nd;2204;Level1st;11;Level2nd;28;
289;Level1st;2208;Level1st;21;Level2nd;18;
290;Level2nd;2212;Level1st;24;Level2nd;119;
291;Level1st;2216;Level1st;43;Level2nd;12;
292;Level2nd;2220;Level1st;6;Level2nd;77;
293;Level2nd;2224;Level1st;8;Level2nd;21;
294;Level1st;2228;Level1st;26;Level2nd;25;
295;Level2nd;2232;Level1st;13;Level2nd;96;
296;Level2nd;2236;Level1st;36;Level2nd;54;
297;Level1st;2240;Level1st;8;Level2nd;41;
298;Level2nd;2244;Level1st;41;Level2nd;34;
299;Level2nd;2248;Level1st;28;Level2nd;121;
300;Level1st;2252;Level1st;27;Level2nd;75;
301;Level2nd;2256;Level1st;6;Level2nd;49;
302;Level1st;2260;Level1st;20;Level2nd;42;
303;Level2nd;2264;Level1st;22;Level2nd;38;
304;Level1st;2268;Level1st;25;Level2nd;21;
305;Level1st;2272;Level1st;0;Level2nd;0;
306;Level1st;2276;Level1st;21;Level2nd;131;
307;Level2nd;2280;Level1st;31;Level2nd;50;
308;Level1st;2284;Level1st;16;Level2nd;30;
309;Level1st;2288;Level1st;36;Level2nd;143;
310;Level1st;2292;Level1st;11;Level2nd;10;
311;Level1st;2296;Level1st;1;Level2nd;14;
312;Level1st;2300;Level1st;18;Level2nd;4;
313;Level2nd;2304;Level1st;10;Level2nd;54;
314;Level1st;2308;Level1st;31;Level2nd;11;
315;Level1st;2312;Level1st;4;Level2nd;44;
316;Level1st;2316;Level1st;41;Level2nd;150;
317;Level1st;2320;Level1st;8;Level2nd;57;
318;Level1st;2324;Level1st;45;Level2nd;50;
319;Level1st;2328;Level1st;10;Level2nd;37;
320;Level2nd;2332;Level1st;16;Level2nd;4;
321;Level1st;2336;Level1st;4;Level2nd;81;
322;Level1st;2340;Level1st;11;Level2nd;40;
323;Level1st;2344;Level1st;35;Level2nd;50;
324;Level1st;2349;Level1st;12;Level2nd;30;
325;Level1st;2353;Level1st;30;Level2nd;109;
326;Level1st;2358;Level1st;2;Level2nd;90;
327;Level2nd;2363;Level1st;15;Level2nd;58;
328;Level1st;2367;Level1st;26;Level2nd;74;
329;Level1st;2372;Level1st;1;Level2nd;60;
330;Level1st;2376;Level1st;1;Level2nd;139;
331;Level1st;2381;Level1st;3;Level2nd;50;
332;Level1st;2386;Level1st;8;Level2nd;28;
333;Level2nd;2390;Level1st;8;Level2nd;99;
334;Level2nd;2395;Level1st;7;Level2nd;63;
335;Level1st;2400;Level1st;6;Level2nd;79;
336;Level2nd;2403;Level1st;2;Level2nd;72;
337;Level1st;2407;Level1st;23;Level2nd;95;
338;Level2nd;2410;Level1st;38;Level2nd;7;
339;Level1st;2414;Level1st;29;Level2nd;64;
340;Level2nd;2417;Level1st;48;Level2nd;79;
341;Level1st;2421;Level1st;13;Level2nd;67;
342;Level2nd;2424;Level1st;2;Level2nd;34;
343;Level1st;2428;Level1st;10;Level2nd;44;
344;Level1st;2431;Level1st;35;Level2nd;40;
345;Level1st;2435;Level1st;3;Level2nd;24;
346;Level1st;2438;Level1st;6;Level2nd;75;
347;Level1st;2442;Level1st;35;Level2nd;39;
348;Level1st;2445;Level1st;32;Level2nd;89;
349;Level2nd;2449;Level1st;15;Level2nd;73;
350;Level1st;2452;Level1st;47;Level2nd;66;
351;Level2nd;2456;Level1st;9;Level2nd;22;
352;Level1st;2460;Level1st;0;Level2nd;54;
353;Level1st;2464;Level1st;30;Level2nd;17;
354;Level1st;2469;Level1st;18;Level2nd;68;
355;Level1st;2473;Level1st;40;Level2nd;4;
356;Level2nd;2478;Level1st;33;Level2nd;75;
357;Level1st;2483;Level1st;17;Level2nd;1;
358;Level2nd;2487;Level1st;17;Level2nd;128;
359;Level1st;2492;Level1st;18;Level2nd;70;
360;Level2nd;2496;Level1st;14;Level2nd;1;
361;Level1st;2501;Level1st;8;Level2nd;72;
362;Level1st;2506;Level1st;8;Level2nd;5;
363;Level1st;2510;Level1st;9;Level2nd;83;
364;Level2nd;2515;Level1st;11;Level2nd;44;
365;Level1st;2520;Level1st;5;Level2nd;80;
366;Level1st;2580;Level1st;0;Level2nd;40;
367;Level1st;3180;Level1st;39;Level2nd;117;
368;Level2nd;3200;Level1st;11;Level2nd;35;
369;Level2nd;3220;Level1st;31;Level2nd;67;
370;Level2nd;3240;Level1st;15;Level2nd;8;
371;Level2nd;3244;Level1st;23;Level2nd;85;
372;Level1st;3249;Level1st;18;Level2nd;89;
373;Level1st;3253;Level1st;19;Level2nd;84;
374;Level1st;3258;Level1st;32;Level2nd;41;
375;Level1st;3263;Level1st;3;Level2nd;60;
376;Level1st;3267;Level1st;2;Level2nd;56;
377;Level1st;3272;Level1st;20;Level2nd;42;
378;Level1st;3276;Level1st;24;Level2nd;58;
379;Level2nd;3281;Level1st;12;Level2nd;9;
380;Level2nd;3286;Level1st;1;Level2nd;52;
381;Level1st;3290;Level1st;3;Level2nd;119;
382;Level2nd;3295;Level1st;12;Level2nd;48;
383;Level1st;3300;Level1st;39;Level2nd;68;
384;Level1st;3304;Level1st;17;Level2nd;104;
385;Level2nd;3308;Level1st;14;Level2nd;101;
386;Level2nd;3312;Level1st;0;Level2nd;24;
387;Level2nd;3316;Level1st;12;Level2nd;73;
388;Level1st;3320;Level1st;24;Level2nd;84;
389;Level1st;3324;Level1st;48;Level2nd;78;
390;Level1st;3328;Level1st;26;Level2nd;83;
391;Level2nd;3332;Level1st;0;Level2nd;79;
392;Level1st;3336;Level1st;40;Level2nd;117;
393;Level1st;3340;Level1st;39;Level2nd;35;
394;Level1st;3344;Level1st;9;Level2nd;35;
395;Level2nd;3348;Level1st;8;Level2nd;120;
396;Level1st;3352;Level1st;30;Level2nd;20;
397;Level1st;3356;Level1st;7;Level2nd;95;
398;Level2nd;3360;Level1st;22;Level2nd;2;
399;Level2nd;3364;Level1st;7;Level2nd;31;
400;Level2nd;3368;Level1st;12;Level2nd;66;
401;Level1st;3372;Level1st;16;Level2nd;33;
402;Level1st;3376;Level1st;13;Level2nd;39;
403;Level1st;3380;Level1st;2;Level2nd;58;
404;Level1st;3384;Level1st;12;Level2nd;101;
405;Level1st;3388;Level1st;30;Level2nd;96;
406;Level1st;3392;Level1st;0;Level2nd;15;
407;Level1st;3396;Level1st;12;Level2nd;75;
408;Level1st;3400;Level1st;34;Level2nd;100;
409;Level1st;3404;Level1st;15;Level2nd;34;
410;Level2nd;3408;Level1st;22;Level2nd;50;
411;Level1st;3412;Level1st;21;Level2nd;101;
412;Level2nd;3416;Level1st;8;Level2nd;16;
413;Level2nd;3420;Level1st;28;Level2nd;53;
414;Level2nd;3424;Level1st;10;Level2nd;83;
415;Level2nd;3428;Level1st;22;Level2nd;26;
416;Level2nd;3432;Level1st;17;Level2nd;69;
417;Level2nd;3436;Level1st;1;Level2nd;101;
418;Level1st;3440;Level1st;12;Level2nd;124;
419;Level1st;3444;Level1st;5;Level2nd;29;
420;Level2nd;3448;Level1st;23;Level2nd;52;
421;Level1st;3452;Level1st;21;Level2nd;11;
422;Level1st;3456;Level1st;20;Level2nd;36;
423;Level2nd;3460;Level1st;20;Level2nd;92;
424;Level1st;3464;Level1st;3;Level2nd;111;
425;Level2nd;3468;Level1st;21;Level2nd;35;
426;Level1st;3472;Level1st;0;Level2nd;129;
427;Level1st;3476;Level1st;36;Level2nd;43;
428;Level1st;3480;Level1st;13;Level2nd;39;
429;Level1st;3483;Level1st;0;Level2nd;126;
430;Level2nd;3487;Level1st;9;Level2nd;43;
431;Level2nd;3490;Level1st;10;Level2nd;68;
432;Level1st;3494;Level1st;35;Level2nd;4;
433;Level2nd;3497;Level1st;41;Level2nd;62;
434;Level1st;3501;Level1st;30;Level2nd;127;
435;Level1st;3504;Level1st;2;Level2nd;106;
436;Level2nd;3508;Level1st;16;Level2nd;25;
437;Level1st;3511;Level1st;0;Level2nd;29;
438;Level2nd;3515;Level1st;5;Level2nd;22;
439;Level1st;3518;Level1st;27;Level2nd;53;
440;Level1st;3522;Level1st;5;Level2nd;124;
441;Level2nd;3525;Level1st;69;Level2nd;42;
442;Level1st;3529;Level1st;0;Level2nd;104;
443;Level2nd;3532;Level1st;6;Level2nd;74;
444;Level1st;3536;Level1st;1;Level2nd;94;
445;Level2nd;3540;Level1st;31;Level2nd;122;
446;Level1st;3544;Level1st;17;Level2nd;84;
447;Level1st;3548;Level1st;5;Level2nd;34;
448;Level1st;3552;Level1st;5;Level2nd;64;
449;Level1st;3556;Level1st;41;Level2nd;9;
450;Level2nd;3560;Level1st;7;Level2nd;9;
451;Level1st;3564;Level1st;46;Level2nd;12;
452;Level2nd;3568;Level1st;2;Level2nd;36;
453;Level1st;3572;Level1st;52;Level2nd;48;
454;Level1st;3576;Level1st;10;Level2nd;3;
455;Level1st;3580;Level1st;5;Level2nd;38;
456;Level2nd;3584;Level1st;10;Level2nd;17;
457;Level2nd;3588;Level1st;13;Level2nd;62;
458;Level2nd;3592;Level1st;27;Level2nd;51;
459;Level1st;3596;Level1st;47;Level2nd;22;
460;Level1st;3600;Level1st;10;Level2nd;31;
461;Level1st;3604;Level1st;12;Level2nd;62;
462;Level1st;3608;Level1st;35;Level2nd;71;
463;Level1st;3612;Level1st;38;Level2nd;99;
464;Level2nd;3616;Level1st;33;Level2nd;22;
465;Level1st;3620;Level1st;24;Level2nd;120;
466;Level2nd;3624;Level1st;8;Level2nd;4;
467;Level2nd;3628;Level1st;16;Level2nd;72;
468;Level2nd;3632;Level1st;5;Level2nd;46;
469;Level1st;3636;Level1st;39;Level2nd;106;
470;Level2nd;3640;Level1st;3;Level2nd;90;
471;Level1st;3644;Level1st;7;Level2nd;20;
472;Level1st;3648;Level1st;1;Level2nd;75;
473;Level1st;3652;Level1st;35;Level2nd;149;
474;Level2nd;3656;Level1st;30;Level2nd;78;
475;Level1st;3660;Level1st;12;Level2nd;25;
476;Level1st;3664;Level1st;14;Level2nd;5;
477;Level2nd;3668;Level1st;26;Level2nd;76;
478;Level1st;3672;Level1st;13;Level2nd;126;
479;Level2nd;3676;Level1st;11;Level2nd;126;
480;Level1st;3680;Level1st;14;Level2nd;36;
481;Level2nd;3684;Level1st;12;Level2nd;116;
482;Level1st;3688;Level1st;12;Level2nd;121;
483;Level1st;3692;Level1st;5;Level2nd;56;
484;Level1st;3696;Level1st;5;Level2nd;19;
485;Level1st;3700;Level1st;69;Level2nd;115;
486;Level1st;3704;Level1st;1;Level2nd;6;
487;Level1st;3708;Level1st;27;Level2nd;75;
488;Level2nd;3712;Level1st;14;Level2nd;78;
489;Level1st;3716;Level1st;29;Level2nd;84;
490;Level2nd;3720;Level1st;12;Level2nd;52;
491;Level2nd;3724;Level1st;5;Level2nd;150;
492;Level1st;3728;Level1st;21;Level2nd;17;
493;Level2nd;3732;Level1st;4;Level2nd;46;
494;Level1st;3736;Level1st;46;Level2nd;96;
495;Level1st;3740;Level1st;16;Level2nd;79;
496;Level2nd;3744;Level1st;49;Level2nd;127;
497;Level1st;3748;Level1st;35;Level2nd;91;
498;Level2nd;3752;Level1st;7;Level2nd;47;
499;Level1st;3756;Level1st;7;Level2nd;12;
500;Level2nd;3760;Level1st;11;Level2nd;157;
501;Level2nd;3764;Level1st;18;Level2nd;35;
502;Level1st;3768;Level1st;19;Level2nd;41;
503;Level2nd;3772;Level1st;17;Level2nd;124;
504;Level2nd;3776;Level1st;8;Level2nd;83;
505;Level2nd;3780;Level1st;20;Level2nd;82;
506;Level1st;3784;Level1st;14;Level2nd;50;
507;Level1st;3789;Level1st;9;Level2nd;42;
508;Level1st;3793;Level1st;21;Level2nd;119;
509;Level1st;3798;Level1st;23;Level2nd;36;
510;Level2nd;3803;Level1st;11;Level2nd;84;
511;Level1st;3807;Level1st;55;Level2nd;5;
512;Level1st;3812;Level1st;42;Level2nd;61;
513;Level1st;3816;Level1st;9;Level2nd;132;
514;Level1st;3821;Level1st;7;Level2nd;35;
515;Level1st;3826;Level1st;4;Level2nd;35;
516;Level2nd;3830;Level1st;11;Level2nd;99;
517;Level1st;3835;Level1st;7;Level2nd;45;
518;Level2nd;3840;Level1st;30;Level2nd;11;
519;Level2nd;3843;Level1st;2;Level2nd;78;
520;Level1st;3847;Level1st;21;Level2nd;57;
521;Level1st;3850;Level1st;30;Level2nd;0;
522;Level1st;3854;Level1st;28;Level2nd;11;
523;Level1st;3857;Level1st;47;Level2nd;22;
524;Level1st;3861;Level1st;15;Level2nd;96;
525;Level1st;3864;Level1st;4;Level2nd;108;
526;Level1st;3868;Level1st;18;Level2nd;77;
527;Level1st;3871;Level1st;25;Level2nd;38;
528;Level1st;3875;Level1st;13;Level2nd;68;
529;Level1st;3878;Level1st;34;Level2nd;36;
530;Level2nd;3882;Level1st;19;Level2nd;11;
531;Level1st;3885;Level1st;13;Level2nd;166;
532;Level1st;3889;Level1st;25;Level2nd;98;
533;Level1st;3892;Level1st;14;Level2nd;37;
534;Level2nd;3896;Level1st;1;Level2nd;51;
535;Level2nd;3900;Level1st;27;Level2nd;81;
536;Level1st;3904;Level1st;10;Level2nd;107;
537;Level1st;3909;Level1st;30;Level2nd;66;
538;Level1st;3913;Level1st;0;Level2nd;103;
539;Level1st;3918;Level1st;25;Level2nd;27;
540;Level2nd;3923;Level1st;38;Level2nd;121;
541;Level1st;3927;Level1st;41;Level2nd;8;
542;Level2nd;3932;Level1st;6;Level2nd;57;
543;Level2nd;3936;Level1st;27;Level2nd;58;
544;Level1st;3941;Level1st;28;Level2nd;87;
545;Level2nd;3946;Level1st;11;Level2nd;95;
546;Level1st;3950;Level1st;2;Level2nd;117;
547;Level1st;3955;Level1st;9;Level2nd;40;
548;Level1st;3960;Level1st;1;Level2nd;29;
549;Level2nd;4020;Level1st;3;Level2nd;72;
